image,mean,variance,density,decentricity,target
20221101.12.Indian.IRImage.png.png,139.4153239,5294430.134,0.001167124,0.004388921,very_severe
20221212.18.Indian.IRImage.png.png,141.0628541,5420302.59,0.00238901,0.004440105,cyclonic_storm
20210926.18.Indian.IRImage.png.png,143.1727283,5583657.619,0.003730762,0.004530409,cyclonic_storm
20200517.12.Indian.IRImage.png.png,133.1146954,4826699.52,0.004118341,0.004122213,super_cyclonic
20201204.06.Indian.IRImage.png.png,132.9222,4812750.434,0.005001739,0.004063262,cyclonic_storm
20230228.18.Indian.IRImage.png.png,136.8412358,5100728.359,0.006664596,0.004281644,cyclonic_storm
20221215.06.Indian.IRImage.png.png,141.0866634,5422132.257,0.008441247,0.004461219,cyclonic_storm
20220426.00.Indian.IRImage.png.png,133.5565654,4858796.75,0.008336983,0.004147236,cyclonic_storm
20230315.12.Indian.IRImage.png.png,138.9217588,5257009.445,0.010357277,0.004358136,depression
20221117.00.Indian.IRImage.png.png,134.0701173,4896234.612,0.010544555,0.004171703,severe
20190924.06.Indian.IRImage.png.png,132.181453,4759258.743,0.011065944,0.004074714,severe
20211206.12.Indian.IRImage.png.png,143.0679449,5575487.554,0.014937766,0.004532643,deep_depression
20220426.12.Indian.IRImage.png.png,131.9059643,4739441.228,0.013008173,0.004063832,cyclonic_storm
20230226.12.Indian.IRImage.png.png,133.035332,4820945.958,0.014312775,0.004107686,severe
20210929.06.Indian.IRImage.png.png,141.9907747,5491847.145,0.018296681,0.004486832,cyclonic_storm
20211203.00.Indian.IRImage.png.png,139.3923674,5292686.89,0.018506082,0.004369146,deep_depression
20230227.06.Indian.IRImage.png.png,131.9234548,4740698.198,0.01700844,0.004063564,cyclonic_storm
20221213.18.Indian.IRImage.png.png,137.2905585,5134280.022,0.020268003,0.004310906,cyclonic_storm
20221101.06.Indian.IRImage.png.png,134.5521097,4931502.788,0.019958241,0.00416374,very_severe
20201203.00.Indian.IRImage.png.png,140.0944015,5346133.141,0.023420524,0.004396252,cyclonic_storm
20221031.18.Indian.IRImage.png.png,139.7001966,5316088.804,0.0246774,0.004403919,very_severe
20191106.06.Indian.IRImage.png.png,134.6909682,4941686.464,0.023457659,0.004194984,very_severe
20201202.00.Indian.IRImage.png.png,138.2390502,5205466.796,0.026384906,0.004351241,cyclonic_storm
20220518.18.Indian.IRImage.png.png,143.1334485,5580594.227,0.029857129,0.004531246,extremely_severe
20200519.18.Indian.IRImage.png.png,135.9529823,5034724.801,0.026820683,0.004207888,super_cyclonic
20221116.12.Indian.IRImage.png.png,134.6909682,4941686.464,0.027722688,0.004194984,severe
20200518.12.Indian.IRImage.png.png,138.2302541,5204804.374,0.030975931,0.004351406,super_cyclonic
20200520.18.Indian.IRImage.png.png,138.9217588,5257009.445,0.032222638,0.004358136,super_cyclonic
20201122.12.Indian.IRImage.png.png,132.5950955,4789092.053,0.029522858,0.004099015,very_severe
20201121.00.Indian.IRImage.png.png,134.9857489,4963340.567,0.032172856,0.004207106,very_severe
20221118.00.Indian.IRImage.png.png,141.8682543,5482373.593,0.037855818,0.004489363,severe
20230317.18.Indian.IRImage.png.png,138.0075307,5188045.494,0.036453376,0.004336039,depression
20220518.12.Indian.IRImage.png.png,140.1860064,5353126.712,0.038977587,0.004415194,extremely_severe
20220515.06.Indian.IRImage.png.png,134.7929024,4949169.543,0.035365876,0.004143354,extremely_severe
20220519.18.Indian.IRImage.png.png,141.0628541,5420302.59,0.041807672,0.004440105,extremely_severe
20220519.00.Indian.IRImage.png.png,142.656742,5543483.731,0.044528783,0.004518231,extremely_severe
20200604.18.Indian.IRImage.png.png,137.2553672,5131648.226,0.041674397,0.004311547,severe
20230511.18.Indian.IRImage.png.png,138.2830183,5208778.633,0.043575952,0.004350417,deep_depression
20190503.12.Indian.IRImage.png.png,135.231369,4981419.702,0.041741965,0.004202942,extremely_severe
20230317.00.Indian.IRImage.png.png,137.660623,5161996.055,0.045296752,0.004323175,depression
20201203.12.Indian.IRImage.png.png,140.5832623,5383508.831,0.048716349,0.004428378,cyclonic_storm
20190923.12.Indian.IRImage.png.png,136.6258701,5084685.465,0.04673614,0.004285496,severe
20230118.00.Indian.IRImage.png.png,134.3725971,4918352.613,0.045596306,0.004183405,deep_depression
20211203.06.Indian.IRImage.png.png,136.9014357,5105217.435,0.048432428,0.004262271,severe
20230227.12.Indian.IRImage.png.png,132.5863347,4788459.223,0.045814411,0.004099153,cyclonic_storm
20230511.06.Indian.IRImage.png.png,137.5726728,5155402.205,0.052130237,0.004324792,deep_depression
20190502.06.Indian.IRImage.png.png,136.73581,5092871.888,0.052251985,0.004283529,extremely_severe
20220429.00.Indian.IRImage.png.png,141.2181121,5432240.503,0.057813801,0.004458558,cyclonic_storm
20191107.12.Indian.IRImage.png.png,137.2574292,5131802.789,0.054238615,0.004274207,very_severe
20190925.12.Indian.IRImage.png.png,148.4669866,6004238.739,0.067322298,0.004714045,severe
20201122.06.Indian.IRImage.png.png,131.294181,4695580.023,0.050153271,0.00402869,very_severe
20191107.06.Indian.IRImage.png.png,132.2595589,4764885.056,0.051893855,0.004058407,very_severe
20210930.12.Indian.IRImage.png.png,145.1997966,5742885.848,0.068143737,0.004606534,cyclonic_storm
20230228.00.Indian.IRImage.png.png,135.4387275,4996707.804,0.058658677,0.004234172,cyclonic_storm
20210527.00.Indian.IRImage.png.png,138.4148022,5218711.38,0.062998917,0.004347949,depression
20201204.18.Indian.IRImage.png.png,137.1829405,5126234.09,0.062564192,0.004294061,cyclonic_storm
20221119.18.Indian.IRImage.png.png,141.1743163,5428871.613,0.068681195,0.004459445,severe
20230314.06.Indian.IRImage.png.png,138.936385,5258116.251,0.067351974,0.004377846,depression
20220428.12.Indian.IRImage.png.png,140.0105832,5339737.621,0.069796048,0.004418641,cyclonic_storm
20230228.12.Indian.IRImage.png.png,133.9195468,4885243.219,0.062841903,0.004157654,cyclonic_storm
20210927.12.Indian.IRImage.png.png,144.7630923,5708393.087,0.077918669,0.004591506,cyclonic_storm
20190616.18.Indian.IRImage.png.png,138.2302541,5204804.374,0.071129915,0.004351406,very_severe
20221119.06.Indian.IRImage.png.png,136.3311765,5062774.457,0.069675537,0.004272373,severe
20210526.12.Indian.IRImage.png.png,140.0944015,5346133.141,0.074945678,0.004396252,depression
20190613.18.Indian.IRImage.png.png,138.6365666,5235447.237,0.074987708,0.004363527,very_severe
20200519.06.Indian.IRImage.png.png,129.2852175,4552983.723,0.060215999,0.00388046,super_cyclonic
20200521.12.Indian.IRImage.png.png,136.1318484,5047980.922,0.073592954,0.004257748,depression
20221117.12.Indian.IRImage.png.png,135.4783042,4999628.434,0.073842652,0.004233489,severe
20230121.12.Indian.IRImage.png.png,135.2086455,4979745.566,0.074473425,0.004220612,deep_depression
20220428.18.Indian.IRImage.png.png,144.352527,5676059.67,0.088817556,0.004576144,cyclonic_storm
20190503.06.Indian.IRImage.png.png,136.9181232,5106462.456,0.076834643,0.004226186,extremely_severe
20230121.18.Indian.IRImage.png.png,136.73581,5092871.888,0.080045594,0.004283529,deep_depression
20210525.18.Indian.IRImage.png.png,139.6650769,5313416.263,0.085809971,0.004404603,depression
20220428.00.Indian.IRImage.png.png,140.0413057,5342081.29,0.087516884,0.004418037,cyclonic_storm
20211203.12.Indian.IRImage.png.png,139.0968408,5270268.613,0.086179691,0.004354829,deep_depression
20191106.12.Indian.IRImage.png.png,135.3145658,4987550.945,0.081288751,0.004201532,very_severe
20230318.06.Indian.IRImage.png.png,139.3275325,5287764.267,0.089937834,0.004390613,depression
20190614.06.Indian.IRImage.png.png,136.506996,5075841.373,0.086139165,0.004269257,very_severe
20210527.18.Indian.IRImage.png.png,135.8607343,5027894.328,0.086237553,0.004244572,depression
20211203.18.Indian.IRImage.png.png,139.2260106,5280061.303,0.092664846,0.004372319,deep_depression
20190615.00.Indian.IRImage.png.png,142.271446,5513579.835,0.09953749,0.004503499,very_severe
20200518.18.Indian.IRImage.png.png,138.2390502,5205466.796,0.094067924,0.004351241,super_cyclonic
20190614.00.Indian.IRImage.png.png,139.2616359,5282763.595,0.097002076,0.004391883,very_severe
20230119.12.Indian.IRImage.png.png,138.9188037,5256785.581,0.097559196,0.004378181,deep_depression
20221214.12.Indian.IRImage.png.png,141.4689625,5451556.483,0.103151654,0.004475359,cyclonic_storm
20230120.00.Indian.IRImage.png.png,136.9816261,5111199.841,0.095413935,0.004279135,deep_depression
20190504.18.Indian.IRImage.png.png,136.6386531,5085637.172,0.095973344,0.004266925,extremely_severe
20201203.06.Indian.IRImage.png.png,135.25772,4983361.716,0.091921834,0.004152095,cyclonic_storm
20200604.00.Indian.IRImage.png.png,147.0263153,5888278.079,0.117471213,0.004667346,severe
20210927.18.Indian.IRImage.png.png,144.7761437,5709422.445,0.114947431,0.004591215,cyclonic_storm
20221116.18.Indian.IRImage.png.png,133.565343,4859435.434,0.09482666,0.004147093,severe
20191107.18.Indian.IRImage.png.png,137.00684,5113081.992,0.100325515,0.004242395,very_severe
20191108.18.Indian.IRImage.png.png,140.0069417,5339460.08,0.108989697,0.004397952,very_severe
20230120.06.Indian.IRImage.png.png,133.9356313,4886417.087,0.096911117,0.004124983,deep_depression
20230315.06.Indian.IRImage.png.png,140.3261115,5363832.212,0.112068386,0.004412442,depression
20230318.00.Indian.IRImage.png.png,137.6254525,5159358.729,0.108744723,0.004323822,depression
20230120.18.Indian.IRImage.png.png,134.2544264,4909705.871,0.10213288,0.004168657,deep_depression
20210926.12.Indian.IRImage.png.png,139.9886325,5338063.422,0.115955059,0.004419072,cyclonic_storm
20190611.06.Indian.IRImage.png.png,146.1255982,5816353.201,0.128928892,0.004636143,very_severe
20211206.06.Indian.IRImage.png.png,142.3239315,5517648.663,0.122826004,0.004502404,deep_depression
20230121.06.Indian.IRImage.png.png,134.6558317,4939108.53,0.107722312,0.004195574,deep_depression
20190504.00.Indian.IRImage.png.png,141.6834361,5468098.762,0.123539498,0.004470974,extremely_severe
20190611.00.Indian.IRImage.png.png,140.9228868,5409551.432,0.123189439,0.004442909,very_severe
20190616.06.Indian.IRImage.png.png,138.6365666,5235447.237,0.119980332,0.004363527,very_severe
20200521.18.Indian.IRImage.png.png,137.9020169,5180115.423,0.119720683,0.004337997,depression
20191110.06.Indian.IRImage.png.png,137.0648872,5117415.218,0.117521449,0.004277647,very_severe
20200517.06.Indian.IRImage.png.png,129.882209,4595128.497,0.100512198,0.003937466,super_cyclonic
20200602.18.Indian.IRImage.png.png,144.8283306,5713539.332,0.137867169,0.004590054,severe
20190923.06.Indian.IRImage.png.png,133.8273987,4878522.561,0.114245734,0.004159164,severe
20210926.00.Indian.IRImage.png.png,139.0418049,5266098.674,0.127619099,0.004375833,cyclonic_storm
20190613.06.Indian.IRImage.png.png,138.936385,5258116.251,0.128897743,0.004377846,very_severe
20221118.18.Indian.IRImage.png.png,137.0687617,5117704.348,0.125248474,0.004296121,severe
20230316.00.Indian.IRImage.png.png,139.3923674,5292686.89,0.130699201,0.004369146,depression
20201205.06.Indian.IRImage.png.png,134.2373266,4908456.108,0.1145997,0.004073227,cyclonic_storm
20230120.12.Indian.IRImage.png.png,135.3404083,4989456.031,0.123989854,0.004218358,deep_depression
20190922.00.Indian.IRImage.png.png,140.7125451,5393414.762,0.139001026,0.004447125,severe
20191109.00.Indian.IRImage.png.png,139.1558788,5274743.2,0.135605294,0.004373657,very_severe
20230314.18.Indian.IRImage.png.png,140.3641074,5366737.114,0.140483524,0.004432727,depression
20200603.18.Indian.IRImage.png.png,139.6650769,5313416.263,0.139882007,0.004404603,severe
20220516.06.Indian.IRImage.png.png,135.9066977,5031297.731,0.125696842,0.004157869,extremely_severe
20201123.12.Indian.IRImage.png.png,139.4885469,5299993.275,0.13983479,0.004367312,very_severe
20201203.18.Indian.IRImage.png.png,142.7878195,5553675.539,0.150718489,0.004515467,cyclonic_storm
20220427.06.Indian.IRImage.png.png,133.565343,4859435.434,0.128172299,0.004147093,cyclonic_storm
20200603.00.Indian.IRImage.png.png,144.3786504,5678114.266,0.157294429,0.004575569,severe
20200519.00.Indian.IRImage.png.png,135.5090751,5001899.813,0.135706119,0.004232958,super_cyclonic
20190615.06.Indian.IRImage.png.png,142.2583199,5512562.505,0.15485494,0.004503773,very_severe
20221213.06.Indian.IRImage.png.png,136.0450687,5041547.256,0.138425563,0.004241364,cyclonic_storm
20191109.18.Indian.IRImage.png.png,134.8934838,4956557.785,0.137372975,0.004208671,very_severe
20221119.00.Indian.IRImage.png.png,137.9152124,5181106.824,0.147068806,0.004337752,severe
20190924.18.Indian.IRImage.png.png,136.0615097,5042765.699,0.142875183,0.004258984,severe
20211205.18.Indian.IRImage.png.png,138.9100118,5256120.217,0.152157556,0.004378349,deep_depression
20221031.00.Indian.IRImage.png.png,138.2390502,5205466.796,0.151426415,0.004351241,very_severe
20190504.12.Indian.IRImage.png.png,136.8051643,5098039.764,0.146515136,0.004263976,extremely_severe
20220427.12.Indian.IRImage.png.png,140.3641074,5366737.114,0.159532138,0.004432727,cyclonic_storm
20190922.12.Indian.IRImage (1).png.png,137.5814714,5156061.67,0.152979468,0.00432463,severe
20211206.00.Indian.IRImage.png.png,142.6654863,5544163.341,0.168206112,0.004518047,deep_depression
20201123.00.Indian.IRImage.png.png,138.936385,5258116.251,0.159090007,0.004377846,very_severe
20230316.06.Indian.IRImage.png.png,135.9134366,5031795.893,0.150577705,0.004243655,depression
20211205.06.Indian.IRImage.png.png,139.5380961,5303759.091,0.162055406,0.004386556,deep_depression
20220515.18.Indian.IRImage.png.png,141.9907747,5491847.145,0.170769019,0.004486832,extremely_severe
20200517.00.Indian.IRImage.png.png,133.0883954,4824792.438,0.145201141,0.004122634,super_cyclonic
20230226.18.Indian.IRImage.png.png,133.7407334,4872206.157,0.147767963,0.004144243,cyclonic_storm
20200518.06.Indian.IRImage.png.png,129.2558857,4550918.197,0.128807714,0.003855691,super_cyclonic
20221030.18.Indian.IRImage.png.png,139.9886325,5338063.422,0.170382943,0.004419072,very_severe
20230316.12.Indian.IRImage.png.png,141.2706402,5436282.479,0.174562575,0.004457495,depression
20210929.00.Indian.IRImage.png.png,143.5661293,5614384.587,0.182767916,0.004545408,cyclonic_storm
20221213.12.Indian.IRImage.png.png,141.1743163,5428871.613,0.177125186,0.004459445,cyclonic_storm
20220516.12.Indian.IRImage.png.png,137.3726652,5140423.563,0.162272308,0.004253933,extremely_severe
20221116.00.Indian.IRImage.png.png,140.1860064,5353126.712,0.175989709,0.004415194,severe
20230119.06.Indian.IRImage.png.png,132.18545,4759546.709,0.149777689,0.004059544,deep_depression
20190922.06.Indian.IRImage.png.png,137.2553672,5131648.226,0.170076593,0.004311547,severe
20210524.18.Indian.IRImage.png.png,136.7841443,5096473.074,0.168916957,0.004282665,depression
20230226.06.Indian.IRImage.png.png,131.0190852,4675923.944,0.147568933,0.003989799,cyclonic_storm
20221030.06.Indian.IRImage.png.png,131.046626,4677889.847,0.149559545,0.004003557,very_severe
20230119.18.Indian.IRImage.png.png,136.2372618,5055801.787,0.170104338,0.004255897,deep_depression
20190503.00.Indian.IRImage.png.png,139.0049627,5263308.491,0.179396648,0.004356564,extremely_severe
20190617.00.Indian.IRImage.png.png,135.2877243,4985572.267,0.169345427,0.004219259,very_severe
20201122.18.Indian.IRImage.png.png,134.1228119,4900084.2,0.166534413,0.004170832,very_severe
20200602.06.Indian.IRImage.png.png,138.3621103,5214738.78,0.182206812,0.004348936,severe
20230510.12.Indian.IRImage.png.png,139.6211591,5310075.145,0.188149653,0.004405457,deep_depression
20190922.00.Indian.IRImage (1).png.png,141.0866634,5422132.257,0.19414869,0.004461219,severe
20190615.18.Indian.IRImage.png.png,146.5628023,5851210.012,0.212412703,0.004651918,very_severe
20230317.06.Indian.IRImage.png.png,134.0964681,4898159.471,0.171840361,0.004171268,depression
20200517.18.Indian.IRImage.png.png,134.2544264,4909705.871,0.172678271,0.004168657,super_cyclonic
20220516.18.Indian.IRImage.png.png,138.4284344,5219739.6,0.187286646,0.004328234,extremely_severe
20210928.06.Indian.IRImage.png.png,137.2905585,5134280.022,0.186916024,0.004310906,cyclonic_storm
20200602.12.Indian.IRImage.png.png,143.1334485,5580594.227,0.207755858,0.004531246,severe
20230118.12.Indian.IRImage.png.png,135.7552448,5020089.455,0.183549983,0.004246409,deep_depression
20221214.18.Indian.IRImage.png.png,140.7125451,5393414.762,0.202510115,0.004447125,cyclonic_storm
20220519.12.Indian.IRImage.png.png,135.7288547,5018137.874,0.1857753,0.004246868,extremely_severe
20221215.00.Indian.IRImage.png.png,139.9886325,5338063.422,0.202329745,0.004419072,cyclonic_storm
20190922.12.Indian.IRImage.png.png,137.2553672,5131648.226,0.193729629,0.004311547,severe
20190615.12.Indian.IRImage.png.png,142.7441476,5550278.829,0.213810948,0.004516388,very_severe
20191106.00.Indian.IRImage.png.png,138.2390502,5205466.796,0.199607547,0.004351241,very_severe
20201205.00.Indian.IRImage.png.png,139.9281589,5333452.633,0.205231044,0.004399484,cyclonic_storm
20200603.12.Indian.IRImage.png.png,144.0072884,5648942.076,0.221701703,0.004559608,severe
20190611.12.Indian.IRImage.png.png,142.7878195,5553675.539,0.218665348,0.004515467,very_severe
20230227.00.Indian.IRImage.png.png,135.7816278,5022040.891,0.194433505,0.00424595,cyclonic_storm
20200604.12.Indian.IRImage.png.png,141.4689625,5451556.483,0.217225247,0.004475359,severe
20190611.18.Indian.IRImage.png.png,143.1334485,5580594.227,0.22392847,0.004531246,very_severe
20230510.06.Indian.IRImage.png.png,137.3303311,5413246.889,0.164215163,0.003869319,deep_depression
20220429.18.Indian.IRImage.png.png,141.5083924,5454595.82,0.220818754,0.004474553,cyclonic_storm
20210526.18.Indian.IRImage.png.png,137.7572759,5169247.23,0.207092636,0.004321399,depression
20230119.00.Indian.IRImage.png.png,140.346553,5365394.828,0.219125354,0.004433075,deep_depression
20211204.12.Indian.IRImage.png.png,138.4148022,5218711.38,0.211936096,0.004347949,deep_depression
20210926.06.Indian.IRImage.png.png,135.1568703,4975932.67,0.199225356,0.004204205,cyclonic_storm
20230511.00.Indian.IRImage.png.png,141.8682543,5482373.593,0.228388734,0.004489363,deep_depression
20190613.00.Indian.IRImage.png.png,144.3351072,5674689.821,0.238612502,0.004576527,very_severe
20190614.12.Indian.IRImage.png.png,138.2302541,5204804.374,0.216862211,0.004351406,very_severe
20210928.18.Indian.IRImage.png.png,144.4134702,5680853.394,0.240968879,0.004574803,cyclonic_storm
20191108.06.Indian.IRImage.png.png,138.3700839,5215340.227,0.215020232,0.004310145,very_severe
20221212.06.Indian.IRImage.png.png,137.8824931,5178649.131,0.215142643,0.004300131,cyclonic_storm
20191106.18.Indian.IRImage.png.png,138.4762396,5223345.241,0.220982602,0.004346799,very_severe
20201204.12.Indian.IRImage.png.png,139.0944713,5270088.856,0.225001326,0.004374828,cyclonic_storm
20211206.18.Indian.IRImage.png.png,143.0635763,5575147.064,0.242781977,0.004532736,deep_depression
20221116.06.Indian.IRImage.png.png,140.0944015,5346133.141,0.229552472,0.004396252,severe
20190612.18.Indian.IRImage.png.png,143.9680831,5645866.673,0.248281363,0.004560461,very_severe
20200519.12.Indian.IRImage.png.png,135.6161129,5009805.261,0.211292476,0.004196424,super_cyclonic
20190617.06.Indian.IRImage.png.png,134.6294711,4937174.922,0.212318338,0.004196018,very_severe
20201205.18.Indian.IRImage.png.png,141.6834361,5468098.762,0.242266715,0.004470974,cyclonic_storm
20210928.12.Indian.IRImage.png.png,143.1028859,5578211.272,0.250158652,0.004531898,cyclonic_storm
20221215.18.Indian.IRImage.png.png,137.2685654,5132635.183,0.227524439,0.004311306,cyclonic_storm
20210524.12.Indian.IRImage.png.png,134.8489286,4953284.173,0.216204807,0.004192329,depression
20191110.00.Indian.IRImage.png.png,136.93685,5107858.712,0.228414016,0.004298502,very_severe
20230510.00.Indian.IRImage.png.png,128.6986702,4299675.506,0.230902453,0.004311547,deep_depression
20220518.06.Indian.IRImage.png.png,139.8580749,5328111.337,0.241739907,0.004400848,extremely_severe
20230228.06.Indian.IRImage.png.png,136.3030876,5060688.625,0.227051895,0.004254741,cyclonic_storm
20201123.06.Indian.IRImage.png.png,134.2544264,4909705.871,0.219010109,0.004168657,very_severe
20201121.06.Indian.IRImage.png.png,131.5453794,4713564.799,0.206643498,0.004039555,very_severe
20230511.12.Indian.IRImage.png.png,137.9152124,5181106.824,0.239418148,0.004337752,deep_depression
20190922.18.Indian.IRImage (1).png.png,137.9020169,5180115.423,0.240585377,0.004337997,severe
20190924.12.Indian.IRImage.png.png,134.0701173,4896234.612,0.223548094,0.004171703,severe
20220516.00.Indian.IRImage.png.png,140.425522,5371434.476,0.253449207,0.004431508,extremely_severe
20221030.00.Indian.IRImage.png.png,140.7257052,5394423.653,0.256406509,0.004446861,very_severe
20221118.06.Indian.IRImage.png.png,139.4153239,5294430.134,0.250935532,0.004388921,severe
20230227.18.Indian.IRImage.png.png,134.0701173,4896234.612,0.227765916,0.004171703,cyclonic_storm
20200521.06.Indian.IRImage.png.png,134.3858671,4919324.252,0.22824837,0.004166486,depression
20210527.06.Indian.IRImage.png.png,133.7708547,4874401.637,0.219938349,0.004080545,depression
20201121.18.Indian.IRImage.png.png,133.8273987,4878522.561,0.229543099,0.004159164,very_severe
20190502.00.Indian.IRImage.png.png,143.4876072,5608244.759,0.275612893,0.004547099,extremely_severe
20220517.06.Indian.IRImage.png.png,131.5889756,4716689.884,0.21530385,0.004009828,extremely_severe
20210927.00.Indian.IRImage.png.png,138.4762396,5223345.241,0.254155837,0.004346799,cyclonic_storm
20190616.12.Indian.IRImage.png.png,139.612373,5309406.862,0.262257871,0.004405628,very_severe
20191107.00.Indian.IRImage.png.png,137.7819004,5171095.636,0.251182179,0.004301961,very_severe
20230226.00.Indian.IRImage.png.png,135.0910894,4971090.246,0.241095177,0.00420532,cyclonic_storm
20210525.12.Indian.IRImage.png.png,137.9679765,5185072.023,0.257542937,0.004336773,depression
20230315.00.Indian.IRImage.png.png,138.4762396,5223345.241,0.259879982,0.004346799,depression
20190923.18.Indian.IRImage.png.png,136.3223772,5062120.937,0.252181196,0.004272529,severe
20220426.18.Indian.IRImage.png.png,135.7816278,5022040.891,0.250145634,0.00424595,cyclonic_storm
20230510.18.Indian.IRImage.png.png,138.9188037,5256785.581,0.267130254,0.004378181,deep_depression
20201204.00.Indian.IRImage.png.png,141.4018319,5446384.106,0.277769122,0.00445484,cyclonic_storm
20201202.18.Indian.IRImage.png.png,145.6496184,5778523.308,0.300237043,0.004621514,cyclonic_storm
20200520.06.Indian.IRImage.png.png,133.161931,4830126.317,0.230945337,0.004044574,super_cyclonic
20190616.00.Indian.IRImage.png.png,143.9375785,5643474.365,0.294962938,0.004561125,very_severe
20210525.00.Indian.IRImage.png.png,136.7175623,5091512.84,0.259072225,0.004265527,depression
20210927.06.Indian.IRImage.png.png,138.9217588,5257009.445,0.271594656,0.004358136,cyclonic_storm
20230316.18.Indian.IRImage.png.png,139.0418049,5266098.674,0.27496503,0.004375833,depression
20190617.12.Indian.IRImage.png.png,135.1646854,4976507.965,0.256974514,0.004221364,very_severe
20191109.06.Indian.IRImage.png.png,137.6899635,5164196.921,0.26821064,0.004303634,very_severe
20220519.06.Indian.IRImage.png.png,135.4783042,4999628.434,0.260624757,0.004233489,extremely_severe
20190613.12.Indian.IRImage.png.png,139.2748189,5283763.817,0.281627946,0.004391629,very_severe
20230317.12.Indian.IRImage.png.png,137.7819004,5171095.636,0.271366159,0.004301961,depression
20200518.00.Indian.IRImage.png.png,136.506996,5075841.373,0.268360323,0.004269257,super_cyclonic
20221117.18.Indian.IRImage.png.png,138.3181783,5211427.772,0.279722612,0.004349759,severe
20190504.06.Indian.IRImage.png.png,132.7330747,4799064.931,0.241846325,0.004036296,extremely_severe
20211204.00.Indian.IRImage.png.png,138.7244084,5242083.875,0.283587506,0.004361866,deep_depression
20220427.00.Indian.IRImage.png.png,140.3904328,5368750.391,0.293997631,0.004432204,cyclonic_storm
20210929.18.Indian.IRImage.png.png,145.2084878,5743573.374,0.318838496,0.004606339,cyclonic_storm
20220429.12.Indian.IRImage.png.png,134.339714,4915946.006,0.259934694,0.004150771,cyclonic_storm
20210526.06.Indian.IRImage.png.png,133.7438352,4872432.45,0.25614623,0.004112163,depression
20201121.12.Indian.IRImage.png.png,133.0883954,4824792.438,0.258482072,0.004122634,very_severe
20220426.06.Indian.IRImage.png.png,130.4765859,4637281.647,0.242313487,0.003983684,cyclonic_storm
20211204.06.Indian.IRImage.png.png,137.2574292,5131802.789,0.280052063,0.004274207,deep_depression
20230118.18.Indian.IRImage.png.png,135.8607343,5027894.328,0.277273757,0.004244572,deep_depression
20191108.12.Indian.IRImage.png.png,138.809073,5248484.644,0.291099157,0.004340571,very_severe
20200604.06.Indian.IRImage.png.png,143.9680831,5645866.673,0.322600142,0.004560461,severe
20211204.18.Indian.IRImage.png.png,138.2830183,5208778.633,0.294714879,0.004350417,deep_depression
20201123.18.Indian.IRImage.png.png,137.8889198,5179131.711,0.29160104,0.00431898,very_severe
20221214.00.Indian.IRImage.png.png,139.3275325,5287764.267,0.302522077,0.004390613,cyclonic_storm
20220518.00.Indian.IRImage.png.png,137.7572759,5169247.23,0.294190746,0.004321399,extremely_severe
20190924.00.Indian.IRImage.png.png,136.0615097,5042765.699,0.286853081,0.004258984,severe
20190503.18.Indian.IRImage.png.png,138.6761054,5238433.956,0.302158446,0.004362779,extremely_severe
20190612.12.Indian.IRImage.png.png,143.9027037,5640739.948,0.331628038,0.004561884,very_severe
20190617.18.Indian.IRImage.png.png,133.5828959,4860712.76,0.27506716,0.004146808,very_severe
20210930.18.Indian.IRImage.png.png,146.5628023,5851210.012,0.347469609,0.004651918,cyclonic_storm
20190925.06.Indian.IRImage.png.png,136.6434688,5085995.471,0.295955795,0.004285181,severe
20220428.06.Indian.IRImage.png.png,132.5337257,4784660.326,0.265906488,0.004054202,cyclonic_storm
20230118.06.Indian.IRImage.png.png,131.1323902,4684014.699,0.26197633,0.004016615,deep_depression
20210929.12.Indian.IRImage.png.png,143.9680831,5645866.673,0.338981966,0.004560461,cyclonic_storm
20221031.12.Indian.IRImage.png.png,138.9627508,5260112.114,0.313466841,0.004377342,very_severe
20211205.12.Indian.IRImage.png.png,138.6058029,5233123.971,0.312728279,0.004364108,deep_depression
20221030.12.Indian.IRImage.png.png,134.6558317,4939108.53,0.29010722,0.004195574,very_severe
20221101.18.Indian.IRImage.png.png,140.3904328,5368750.391,0.324944331,0.004432204,very_severe
20190614.18.Indian.IRImage.png.png,139.7967089,5323436.666,0.321710711,0.004402041,very_severe
20230315.18.Indian.IRImage.png.png,142.7441476,5550278.829,0.339877028,0.004516388,depression
20201122.00.Indian.IRImage.png.png,133.565343,4859435.434,0.28760962,0.004147093,very_severe
20221212.00.Indian.IRImage.png.png,136.2372618,5055801.787,0.303996584,0.004255897,cyclonic_storm
20221215.12.Indian.IRImage.png.png,143.1028859,5578211.272,0.345948685,0.004531898,cyclonic_storm
20230318.18.Indian.IRImage.png.png,131.3248684,4540037.295,0.314057267,0.004310345,depression
20190925.00.Indian.IRImage.png.png,138.2566398,5206791.586,0.321143557,0.004350911,severe
20190612.00.Indian.IRImage.png.png,142.1044,5500640.21,0.342383077,0.004484485,very_severe
20191109.12.Indian.IRImage.png.png,134.8489286,4953284.173,0.300289797,0.004192329,very_severe
20200602.00.Indian.IRImage.png.png,142.7091952,5547561.058,0.349857753,0.004517125,severe
20221214.06.Indian.IRImage.png.png,139.9886325,5338063.422,0.336017198,0.004419072,cyclonic_storm
20230512.12.Indian.IRImage.png.png,142.4113418,5524428.281,0.349754077,0.004500579,deep_depression
20220517.12.Indian.IRImage.png.png,135.6384204,5011453.369,0.307598545,0.004213263,extremely_severe
20191110.18.Indian.IRImage.png.png,147.0263153,5888278.079,0.378794007,0.004667346,very_severe
20230512.06.Indian.IRImage.png.png,138.3621103,5214738.78,0.33001965,0.004348936,deep_depression
20191108.00.Indian.IRImage.png.png,136.3776366,5066225.92,0.316780386,0.004253433,very_severe
20210930.06.Indian.IRImage.png.png,145.6452781,5778178.915,0.375289613,0.004621613,cyclonic_storm
20220429.06.Indian.IRImage.png.png,132.2270041,4762540.353,0.278177645,0.003972134,cyclonic_storm
20230512.18.Indian.IRImage.png.png,141.5390487,5456959.451,0.354113075,0.004473926,deep_depression
20210525.06.Indian.IRImage.png.png,133.9677809,4888762.932,0.306747292,0.004156863,depression
20221031.06.Indian.IRImage.png.png,136.9632467,5109828.15,0.3290538,0.004298025,very_severe
20191110.12.Indian.IRImage.png.png,147.5031767,5926535.799,0.391923065,0.004682724,very_severe
20210524.06.Indian.IRImage.png.png,132.18545,4759546.709,0.295547948,0.004059544,depression
20220517.18.Indian.IRImage.png.png,138.9627508,5260112.114,0.344793722,0.004377342,extremely_severe
20210928.00.Indian.IRImage.png.png,140.0807914,5345094.218,0.352293261,0.004417261,cyclonic_storm
20221119.12.Indian.IRImage.png.png,137.937201,5182759.07,0.340801033,0.004337344,severe
20220517.00.Indian.IRImage.png.png,137.0648872,5117415.218,0.332593043,0.004277647,extremely_severe
20220515.12.Indian.IRImage.png.png,136.3078038,5061039.017,0.327358234,0.004236794,extremely_severe
20230314.12.Indian.IRImage.png.png,141.139265,5426176.122,0.363989535,0.004460154,depression
20230121.00.Indian.IRImage.png.png,134.4911146,4927032.526,0.320977375,0.004181429,deep_depression
20210524.00.Indian.IRImage.png.png,137.8564894,5176696.171,0.337701363,0.004281919,depression
20220515.00.Indian.IRImage.png.png,137.4196529,5143940.351,0.340059258,0.004289792,extremely_severe
20221101.00.Indian.IRImage.png.png,146.362576,5854826.725,0.39598145,0.004621514,very_severe
20190502.18.Indian.IRImage.png.png,141.7489932,5473160.163,0.371592648,0.004469634,extremely_severe
20200521.00.Indian.IRImage.png.png,139.7967089,5323436.666,0.36161286,0.004402041,depression
20200520.00.Indian.IRImage.png.png,137.8564894,5176696.171,0.343257764,0.004281919,super_cyclonic
20210527.12.Indian.IRImage.png.png,135.3404083,4989456.031,0.334220897,0.004218358,depression
20210526.00.Indian.IRImage.png.png,138.7244084,5242083.875,0.358500796,0.004361866,depression
20190925.18.Indian.IRImage.png.png,141.5083924,5454595.82,0.378476593,0.004474553,severe
20190502.12.Indian.IRImage.png.png,139.7967089,5323436.666,0.367483422,0.004402041,extremely_severe
20221118.12.Indian.IRImage.png.png,141.6265827,5463711.243,0.380491441,0.004472136,severe
20230314.00.Indian.IRImage.png.png,144.4134702,5680853.394,0.399429943,0.004574803,depression
20200520.12.Indian.IRImage.png.png,136.7789572,5096087.076,0.342346932,0.004228604,super_cyclonic
20221213.00.Indian.IRImage.png.png,143.2207145,5587401.139,0.394024747,0.004529387,cyclonic_storm
20221117.06.Indian.IRImage.png.png,130.4852877,4637900.216,0.305741821,0.003983558,severe
20211205.00.Indian.IRImage.png.png,138.9100118,5256120.217,0.370507474,0.004378349,deep_depression
20210930.00.Indian.IRImage.png.png,147.9804992,5964954.573,0.427984205,0.004698358,cyclonic_storm
20190923.00.Indian.IRImage.png.png,136.6434688,5085995.471,0.357132148,0.004285181,severe
20201202.06.Indian.IRImage.png.png,138.2566398,5206791.586,0.369319311,0.004350911,cyclonic_storm
20201202.12.Indian.IRImage.png.png,143.5661293,5614384.587,0.404328065,0.004545408,cyclonic_storm
20220427.18.Indian.IRImage.png.png,139.2260106,5280061.303,0.375279067,0.004372319,cyclonic_storm
20190612.06.Indian.IRImage.png.png,138.913939,5256417.827,0.3706553,0.004338609,very_severe
20221212.12.Indian.IRImage.png.png,140.7319979,5394906.324,0.386824638,0.004425429,cyclonic_storm
20190922.18.Indian.IRImage.png.png,138.5662351,5230136.578,0.377462333,0.004364857,severe
20230512.00.Indian.IRImage.png.png,142.3632763,5520699.764,0.402707972,0.004501583,deep_depression
